sample;point;age;uncertainty (1s);conc (90 til 110);disc (-10 til 10)
163706;163706-73;2805;23.2;103.2;3.2
163706;163706-82;2703;27.1;99.2;-0.8
163706;163706-74;2667;31.1;100.2;0.2
163706;163706-66;2666;27.1;101.4;1.4
163706;163706-59;2598;30.3;97.3;-2.7
163706;163706-76;2548;51.6;95.4;-4.6
163706;163706-97;2449;32.1;99.8;-0.2
163706;163706-35;2068;37.1;98.2;-1.8
163706;163706-93;1967;38;102.3;2.3
163706;163706-57;1909;26.8;99.7;-0.3
163706;163706-99;1826;35.3;105;5
163706;163706-3;1795;35.2;103.1;3.1
163706;163706-81;1776;27.4;100.4;0.4
163706;163706-30;1753;30.1;103.6;3.6
163706;163706-1;1747;23.5;102.3;2.3
163706;163706-19;1735;31;102.6;2.6
163706;163706-26;1709;38.5;100.8;0.8
163706;163706-37;1695;36.3;100.6;0.6
163706;163706-56;1678;48.1;106.6;6.6
163706;163706-68;1674;41.1;105.6;5.6
163706;163706-32;1664;38.1;98.4;-1.6
163706;163706-18;1663;61.2;106.5;6.5
163706;163706-23;1644;26.4;101.2;1.2
163706;163706-85;1638;36.6;100.1;0.1
163706;163706-53;1624;26.7;98.8;-1.2
163706;163706-48;1614;33.9;92.1;-7.9
163706;163706-77;1608;25.3;102.7;2.7
163706;163706-46;1604;32.4;98.5;-1.5
163706;163706-45;1593;42.7;99.1;-0.9
163706;163706-100;1571;53.6;104.7;4.7
163706;163706-12;1565;38.7;105;5
163706;163706-72;1524;45.6;95.8;-4.2
163706;163706-41;1499;36.7;101;1
163706;163706-47;1493;50.7;100.6;0.6
163706;163706-58;1491;27.5;99.5;-0.5
163706;163706-36;1486;30.5;101.8;1.8
163706;163706-88;1477;43.4;97.4;-2.6
163706;163706-17;1473;43.7;95.3;-4.7
163706;163706-70;1462;31.9;102.6;2.6
163706;163706-11;1421;42;98.8;-1.2
163706;163706-43;1418;35.4;102.1;2.1
163706;163706-5;1383;42.2;99;-1
163706;163706-8;1370;45.8;103.8;3.8
163706;163706-27;1344;66.8;102.1;2.1
163706;163706-39;1342;38.3;100.9;0.9
163706;163706-79;1320;27.6;100.4;0.4
163706;163706-14;1319;37.7;103.5;3.5
163706;163706-64;1294;37.9;102.4;2.4
163706;163706-71;1288;40.5;100.6;0.6
163706;163706-98;1268;51.8;97.4;-2.6
163706;163706-9;1255;52.7;103.1;3.1
163706;163706-7;1231;33.2;100.9;0.9
163706;163706-55;1222;32.7;102.9;2.9
163706;163706-22;1198;21.8;99.1;-0.9
163706;163706-102;1172;45.9;106.5;6.5
163706;163706-63;1160;31;101.4;1.4
163706;163706-61;1160;32.7;97.5;-2.5
163706;163706-60;1139;40.5;103.1;3.1
163706;163706-94;1137;37.4;102.7;2.7
163706;163706-31;1120;38.3;101.3;1.3
163706;163706-42;1113;43.9;101.5;1.5
163706;163706-101;1107;39.4;104.4;4.4
163706;163706-75;1107;29.1;96.7;-3.3
163706;163706-16;1097;41.1;106.2;6.2
163706;163706-105;1091;34.1;105.2;5.2
163706;163706-78;1085;37.5;98;-2
163706;163706-83;1082;37.3;98.8;-1.2
163706;163706-92;1081;44.6;104.4;4.4
163706;163706-106;1079;43.5;106.2;6.2
163706;163706-10;1077;40;98.7;-1.3
163706;163706-20;1072;70.3;107.5;7.5
163706;163706-87;1058;31.5;102.3;2.3
163706;163706-91;1058;57.8;102.1;2.1
163706;163706-6;1052;41.9;101.6;1.6
163706;163706-84;1040;31.6;102.9;2.9
163706;163706-38;1028;85.5;109.3;9.3
163706;163706-50;1019;32.7;98.8;-1.2
163706;163706-24;995;29;103.1;3.1
163706;163706-33;988;34.1;99.4;-0.6
163706;163706-104;986;54.5;107.3;7.3
163706;163706-86;974;33.7;100.4;0.4
163706;163706-28;969;52.1;108.3;8.3
163706;163706-40;961;45.5;102.9;2.9
163706;163706-90;958;42.9;101.7;1.7
163706;163706-4;955;37.7;99.9;-0.1
163706;163706-13;952;43.1;103.7;3.7
163706;163706-95;945;49.8;101;1
163706;163706-67;945;40.4;104.6;4.6
163706;163706-44;940;39.9;106.1;6.1
163706;163706-21;936;12.6;105.3;5.3
163706;163706-34;920;41.5;100;0
163706;163706-103;918;41.5;105.6;5.6
163706;163706-62b;726;35;109.2;9.2
163706;163706-2;628;9.3;105.1;5.1
163706;163706-80;608;10.1;109.4;9.4
EM28;EM28-99-;2899;36;91.79;-8.21
EM28;EM28-41-;1910;27;98.35;-1.65
EM28;EM28-47-;1870;27;91.24;-8.76
EM28;EM28-44-;1853;28;98.99;-1.01
EM28;EM28-53-;1662;27;96.22;-3.78
EM28;EM28-62-;1602;26;96.75;-3.25
EM28;EM28-101-;1598;26;91.98;-8.02
EM28;EM28-31-;1585;26;94.52;-5.48
EM28;EM28-68-;1565;27;95.37;-4.63
EM28;EM28-108-;1526;34;94.3;-5.7
EM28;EM28-57-;1502;39;94.09;-5.91
EM28;EM28-82-;1484;29;92.06;-7.94
EM28;EM28-92-;1457;33;94.72;-5.28
EM28;EM28-72-;1456;28;94.42;-5.58
EM28;EM28-54-;1425;26;92.92;-7.08
EM28;EM28-109-;1418;31;97.46;-2.54
EM28;EM28-105-;1339;32;99.02;-0.98
EM28;EM28-89-;1323;28;93.52;-6.48
EM28;EM28-85-;1320;25;96.94;-3.06
EM28;EM28-25-;1316;27;95.82;-4.18
EM28;EM28-65-;1283;37;102.95;2.95
EM28;EM28-12-;1264;164;93.27;-6.73
EM28;EM28-21-;1243;29;93.35;-6.65
EM28;EM28-79-;1239;41;91.96;-8.04
EM28;EM28-35-;1211;31;96.16;-3.84
EM28;EM28-19-;1180;49;91.61;-8.39
EM28;EM28-07-;1178;29;99.21;-0.79
EM28;EM28-90-;1175;25;94.46;-5.54
EM28;EM28-81-;1166;27;100.89;0.89
EM28;EM28-84-;1162;31;93.11;-6.89
EM28;EM28-56-;1160;34;93.61;-6.39
EM28;EM28-103-;1160;29;99.32;-0.68
EM28;EM28-59-;1146;26;91.92;-8.08
EM28;EM28-66-;1146;31;98.5;-1.5
EM28;EM28-36-;1144;42;99.2;-0.8
EM28;EM28-93-;1142;42;100.57;0.57
EM28;EM28-08-;1134;48;96.62;-3.38
EM28;EM28-67-;1112;33;96.54;-3.46
EM28;EM28-106-;1109;27;99.38;-0.62
EM28;EM28-64-;1100;30;98.17;-1.83
EM28;EM28-75-;1099;30;94.87;-5.13
EM28;EM28-16-;1084;30;98.52;-1.48
EM28;EM28-37-;1079;26;95.25;-4.75
EM28;EM28-80-;1074;27;98.23;-1.77
EM28;EM28-32-;1073;26;100.43;0.43
EM28;EM28-45-;1066;38;92.09;-7.91
EM28;EM28-95-;1062;29;90.38;-9.62
EM28;EM28-26-;1056;30;97.76;-2.24
EM28;EM28-03-;1055;44;90.72;-9.28
EM28;EM28-77-;1055;41;93.17;-6.83
EM28;EM28-111-;1055;30;97.93;-2.07
EM28;EM28-15-;1054;33;92.58;-7.42
EM28;EM28-11-;1051;28;109.73;9.73
EM28;EM28-87-;1047;27;97.81;-2.19
EM28;EM28-01-;1046;31;103.53;3.53
EM28;EM28-34-;1044;27;99.49;-0.51
EM28;EM28-33-;1042;29;91.72;-8.28
EM28;EM28-86-;1041;33;96.41;-3.59
EM28;EM28-78-;1039;32;103.02;3.02
EM28;EM28-23-;1023;41;99.08;-0.92
EM28;EM28-05-;1023;35;102.52;2.52
EM28;EM28-13-;1009;27;105.06;5.06
EM28;EM28-10-;1002;28;104.57;4.57
EM28;EM28-48-;999;35;97.87;-2.13
EM28;EM28-104-;990;50;97.22;-2.78
EM28;EM28-70-;980;34;93.66;-6.34
EM28;EM28-58-;969;32;94.23;-5.77
EM28;EM28-02-;969;28;102.08;2.08
EM28;EM28-100-;935;29;102;2
SK25-2;SK25-2-31;3043;30.1;102.3;2.3
SK25-2;SK25-2-64;2779;54.2;100.1;0.1
SK25-2;SK25-2-68;2641;37.5;100.9;0.9
SK25-2;SK25-2-56;2634;37.6;102.8;2.8
SK25-2;SK25-2-74;2431;52.9;98;-2
SK25-2;SK25-2-46;2423;31.9;102.7;2.7
SK25-2;SK25-2-51;1758;35.6;103.9;3.9
SK25-2;SK25-2-118;1746;63.4;98.7;-1.3
SK25-2;SK25-2-25;1709;52.1;98.1;-1.9
SK25-2;SK25-2-69;1704;49.7;106;6
SK25-2;SK25-2-43;1691;35.7;101;1
SK25-2;SK25-2-36;1677;48;95.2;-4.8
SK25-2;SK25-2-91;1655;45.1;103.8;3.8
SK25-2;SK25-2-40;1649;40;104.6;4.6
SK25-2;SK25-2-86;1648;67.2;97.7;-2.3
SK25-2;SK25-2-2;1644;50.5;101.3;1.3
SK25-2;SK25-2-54;1643;41.1;102.7;2.7
SK25-2;SK25-2-62;1640;39.7;103.8;3.8
SK25-2;SK25-2-114;1639;51.9;103.1;3.1
SK25-2;SK25-2-24;1624;31.3;99.8;-0.2
SK25-2;SK25-2-75;1624;43.8;103.2;3.2
SK25-2;SK25-2-1;1614;56.2;92.2;-7.8
SK25-2;SK25-2-88;1581;45.9;103.9;3.9
SK25-2;SK25-2-107;1573;46.2;102.8;2.8
SK25-2;SK25-2-116;1572;69.2;100.6;0.6
SK25-2;SK25-2-117;1568;66.6;102.4;2.4
SK25-2;SK25-2-72;1565;41.4;99.4;-0.6
SK25-2;SK25-2-14;1533;39.2;101.2;1.2
SK25-2;SK25-2-59;1526;60.6;104;4
SK25-2;SK25-2-105;1522;61;101;1
SK25-2;SK25-2-100;1483;34.7;104.7;4.7
SK25-2;SK25-2-98;1477;44.3;104.5;4.5
SK25-2;SK25-2-9;1450;35.2;102.5;2.5
SK25-2;SK25-2-115;1448;49.1;103.7;3.7
SK25-2;SK25-2-87;1430;38.1;103.3;3.3
SK25-2;SK25-2-10;1420;66.7;102.4;2.4
SK25-2;SK25-2-52;1416;38.4;103.9;3.9
SK25-2;SK25-2-96;1384;48.7;102.1;2.1
SK25-2;SK25-2-34;1375;37.6;102.8;2.8
SK25-2;SK25-2-39;1368;31.9;101.1;1.1
SK25-2;SK25-2-104;1340;57.3;103.2;3.2
SK25-2;SK25-2-22;1333;47.3;101.8;1.8
SK25-2;SK25-2-95;1299;48.2;103.6;3.6
SK25-2;SK25-2-93;1286;67;90.9;-9.1
SK25-2;SK25-2-120;1281;50.2;101.9;1.9
SK25-2;SK25-2-83;1258;92.5;105.4;5.4
SK25-2;SK25-2-3;1253;70.1;95.9;-4.1
SK25-2;SK25-2-13;1231;67.7;104.3;4.3
SK25-2;SK25-2-71;1213;90.6;92.8;-7.2
SK25-2;SK25-2-41;1212;36.8;100.8;0.8
SK25-2;SK25-2-44;1190;54.6;96.5;-3.5
SK25-2;SK25-2-27;1172;39.6;100.9;0.9
SK25-2;SK25-2-30;1150;52.4;96.3;-3.7
SK25-2;SK25-2-58;1147;66.6;103.1;3.1
SK25-2;SK25-2-110;1145;112.6;90.6;-9.4
SK25-2;SK25-2-28;1142;44.9;103.2;3.2
SK25-2;SK25-2-78;1138;69;92.5;-7.5
SK25-2;SK25-2-94;1137;52;100.7;0.7
SK25-2;SK25-2-21;1135;43.4;104.2;4.2
SK25-2;SK25-2-4;1127;43.2;100.7;0.7
SK25-2;SK25-2-45;1123;48;93.1;-6.9
SK25-2;SK25-2-108;1121;47.6;108;8
SK25-2;SK25-2-60;1118;63.4;100.8;0.8
SK25-2;SK25-2-37;1115;66.2;93;-7
SK25-2;SK25-2-48;1113;63;100.1;0.1
SK25-2;SK25-2-103;1112;67.7;98.5;-1.5
SK25-2;SK25-2-112;1101;69.4;109.8;9.8
SK25-2;SK25-2-102;1100;44.6;105.7;5.7
SK25-2;SK25-2-92;1099;52.1;108.6;8.6
SK25-2;SK25-2-6;1090;61.8;100.4;0.4
SK25-2;SK25-2-81;1089;45;98.8;-1.2
SK25-2;SK25-2-29;1085;42.2;99.5;-0.5
SK25-2;SK25-2-50;1080;50.7;98.2;-1.8
SK25-2;SK25-2-5;1076;39.2;101.4;1.4
SK25-2;SK25-2-15;1068;45.3;98.5;-1.5
SK25-2;SK25-2-66;1048;41.5;101.9;1.9
SK25-2;SK25-2-8;1040;38.8;104.9;4.9
SK25-2;SK25-2-82;1036;43.9;101.5;1.5
SK25-2;SK25-2-7;1036;61.6;95.4;-4.6
SK25-2;SK25-2-47;1036;70.1;97.7;-2.3
SK25-2;SK25-2-106;1035;64.9;107;7
SK25-2;SK25-2-42;1034;55.8;104.2;4.2
SK25-2;SK25-2-33;1032;35.8;102.1;2.1
SK25-2;SK25-2-55;1029;52.2;99.7;-0.3
SK25-2;SK25-2-119;1029;61.4;101.4;1.4
SK25-2;SK25-2-49;1028;49.7;102.1;2.1
SK25-2;SK25-2-26;1027;56.1;100.6;0.6
SK25-2;SK25-2-79;1023;56.7;101.1;1.1
SK25-2;SK25-2-111;1014;53;103;3
SK25-2;SK25-2-77;1012;42.8;102.1;2.1
SK25-2;SK25-2-73;1007;50.8;98.2;-1.8
SK25-2;SK25-2-97;1007;50.8;105;5
SK25-2;SK25-2-70;1001;41.9;105;5
SK25-2;SK25-2-23;999;42;104.1;4.1
SK25-2;SK25-2-109;998;78.9;102.2;2.2
SK25-2;SK25-2-17;993;57.7;104.8;4.8
SK25-2;SK25-2-57;992;52.4;105.2;5.2
SK25-2;SK25-2-32;988;66.8;104.9;4.9
SK25-2;SK25-2-113;987;74.8;103.3;3.3
SK25-2;SK25-2-101;979;47.8;107.3;7.3
SK25-2;SK25-2-35;976;64.5;98;-2
SK25-2;SK25-2-18;976;44.3;105.3;5.3
SK25-2;SK25-2-20;976;57.2;106.5;6.5
SK25-2;SK25-2-11;963;64.5;104.7;4.7
SK25-2;SK25-2-67;959;46.7;102.9;2.9
SK25-2;SK25-2-80;944;55.5;99.2;-0.8
SK25-2;SK25-2-65;934;20.5;104.4;4.4
SK25-2;SK25-2-76;924;10.6;102.9;2.9
SK25-2;SK25-2-38;920;54.2;107.1;7.1
SK25-2;SK25-2-19;920;60.2;108.3;8.3
SK25-2;SK25-2-53;908;43.8;109.6;9.6
DG12;DG12-01-;2040;22;92.73;-7.27
DG12;DG12-44-;2029;22;90.01;-9.99
DG12;DG12-40-;1958;25;90.73;-9.27
DG12;DG12-93-;1789;22;91.64;-8.36
DG12;DG12-60-;1683;25;94.33;-5.67
DG12;DG12-78-;1649;22;91.17;-8.83
DG12;DG12-18-;1649;24;92.68;-7.32
DG12;DG12-59-;1581;22;92.48;-7.52
DG12;DG12-26-;1550;25;91.62;-8.38
DG12;DG12-51-;1529;23;92.09;-7.91
DG12;DG12-37-;1490;32;92.11;-7.89
DG12;DG12-106-;1315;25;94.35;-5.65
DG12;DG12-54-;1309;24;94.44;-5.56
DG12;DG12-58-;1308;25;92.12;-7.88
DG12;DG12-15-;1308;23;93.46;-6.54
DG12;DG12-71-;1304;22;92.77;-7.23
DG12;DG12-86-;1212;23;92.83;-7.17
DG12;DG12-28-;1206;24;90.79;-9.21
DG12;DG12-52-;1135;22;93.67;-6.33
DG12;DG12-75-;1129;26;93.98;-6.02
DG12;DG12-17-;1098;24;91.56;-8.44
DG12;DG12-79-;1090;30;94.8;-5.2
DG12;DG12-69-;1057;38;93.79;-6.21
DG12;DG12-90-;1013;30;92.77;-7.23
DG12;DG12-96-;994;36;94.76;-5.24
DG12;DG12-70-;646;8;94.29;-5.71
DG12;DG12-103-;598;10;91.63;8.37
DG12;DG12-110-;592;6;92.97;-7.03
DG12;DG12-114-;557;8;92.1;-7.9
DG12;DG12-63-;555;7;93.69;-6.31
DG12;DG12-121-;511;6;93.83;-6.17
DG12;DG12-46-;1835;24;96.75;-3.25
DG12;DG12-57-;1805;22;95.79;-4.21
DG12;DG12-43-;1779;24;97.29;-2.71
DG12;DG12-02-;1723;21;97.26;-2.74
DG12;DG12-38-;1719;36;95.43;-4.57
DG12;DG12-122-;1687;23;97.35;-2.65
DG12;DG12-64-;1670;23;98.3;1.7
DG12;DG12-19-;1617;26;98.75;1.25
DG12;DG12-16-;1604;21;99.04;-0.96
DG12;DG12-03-;1556;23;97.95;-2.05
DG12;DG12-53-;1540;23;99.51;-0.49
DG12;DG12-62-;1508;23;95.54;4.46
DG12;DG12-91-;1488;35;97.31;-2.69
DG12;DG12-31-;1469;23;95.21;-4.79
DG12;DG12-68-;1457;26;98.49;-1.51
DG12;DG12-20-;1424;20;97.41;-2.59
DG12;DG12-99-;1388;23;99.94;0.06
DG12;DG12-39-;1370;20;97.1;-2.9
DG12;DG12-89-;1334;23;95.2;-4.8
DG12;DG12-55-;1322;22;98.61;1.39
DG12;DG12-97-;1309;24;96.79;-3.21
DG12;DG12-41-;1301;25;97.65;-2.35
DG12;DG12-81-;1192;24;98.29;-1.71
DG12;DG12-22-;1183;25;98.78;-1.22
DG12;DG12-95-;1180;26;96.22;-3.78
DG12;DG12-34-;1162;20;97.24;-2.76
DG12;DG12-83-;1150;30;95.94;4.06
DG12;DG12-113-;1131;29;95.96;-4.04
DG12;DG12-109-;1126;44;95.65;-4.35
DG12;DG12-06-;1117;21;97.59;2.41
DG12;DG12-45-;1050;26;99.68;-0.32
DG12;DG12-65-;1048;23;99.66;0.34
DG12;DG12-10-;1047;22;98.98;-1.02
DG12;DG12-49-;993;31;98.71;-1.29
DG12;DG12-77-;958;34;99.7;0.3
DG12;DG12-116-;957;22;95.22;-4.78
DG12;DG12-67-;950;29;99.5;0.5
DG12;DG12-48-;945;40;99.74;0.26
DG12;DG12-120-;943;24;99.48;-0.52
DG12;DG12-84-;935;24;99.22;0.78
DG12;DG12-100-;901;29;97.6;2.4
DG12;DG12-56-;747;11;99.82;-0.18
DG12;DG12-108-;681;8;98.38;-1.62
DG12;DG12-101-;678;7;99.19;0.81
DG12;DG12-09-;658;9;98.41;1.59
DG12;DG12-85-;648;10;97.11;-2.89
DG12;DG12-80-;630;8;99.06;-0.94
DG12;DG12-118-;602;7;97.93;-2.07
DG12;DG12-105-;585;7;99.17;0.83
DG12;DG12-13-;577;6;95.01;4.99
DG12;DG12-111-;568;7;99.18;-0.82
DG12;DG12-07-;551;6;99.08;-0.92
DG12;DG12-115-;544;8;96.82;-3.18
DG12;DG12-112-;541;7;99.19;-0.81
AK_121;119022-116;2928.610026;3.2;101.2;1.2
AK_121;119022-111;2711.905512;2.4;101.6;1.6
AK_121;119022-134;2009.442539;5.4;95.7;-4.3
AK_121;119022-89;1856.780361;3.1;98.6;-1.4
AK_121;119022-122;1822.434574;3.8;101.8;1.8
AK_121;119022-139;1804.342161;3.3;101;1
AK_121;119022-130;1783.268441;4.1;92.9;-7.1
AK_121;119022-43;1665.913386;10.7;103.3;3.3
AK_121;119022-14;1659.056355;4.9;101.2;1.2
AK_121;119022-83;1652.116112;4.2;95.4;-4.6
AK_121;119022-64;1649.811471;3.2;100.5;0.5
AK_121;119022-123;1647.619345;4.6;101.9;1.9
AK_121;119022-92;1622.746797;3.9;97.5;-2.5
AK_121;119022-20;1614.870685;5.4;98.7;-1.3
AK_121;119022-40;1588.206603;6.2;102.3;2.3
AK_121;119022-18;1541.896757;4.7;97.4;-2.6
AK_121;119022-6;1498.452699;4.9;100.5;0.5
AK_121;119022-65;1479.245968;4;99.3;-0.7
AK_121;119022-66;1470.303349;4;100.8;0.8
AK_121;119022-109;1462.10253;4.6;99.5;-0.5
AK_121;119022-107;1458.107865;4.4;102.1;2.1
AK_121;119022-29;1457.948943;7.6;94.3;-5.7
AK_121;119022-26;1457.066378;6.9;101.4;1.4
AK_121;119022-8;1449.621171;5.7;100.8;0.8
AK_121;119022-31;1448.993894;6.8;103.3;3.3
AK_121;119022-115;1445.45663;4.5;99.5;-0.5
AK_121;119022-102;1444.491699;4.7;101.1;1.1
AK_121;119022-53;1439.577231;5.5;92.8;-7.2
AK_121;119022-47;1434.820693;5.6;99.8;-0.2
AK_121;119022-30;1398.874415;4.4;94.4;-5.6
AK_121;119022-69;1332.349624;7.3;102.5;2.5
AK_121;119022-145;1317.827374;9.4;100.7;0.7
AK_121;119022-101;1316.131636;10.6;90.5;-9.5
AK_121;119022-120;1281.920669;4.8;101.2;1.2
AK_121;119022-75;1262.895251;5.9;99.2;-0.8
AK_121;119022-110;1229.41353;7.7;101.8;1.8
AK_121;119022-11;1228.889316;7;100.8;0.8
AK_121;119022-41;1221.248472;5.1;100.6;0.6
AK_121;119022-100;1215.63006;5.2;97.6;-2.4
AK_121;119022-68;1195.123945;4.2;101;1
AK_121;119022-33;1185.68714;5.1;98.6;-1.4
AK_121;119022-117;1176.817217;5.1;99.7;-0.3
AK_121;119022-148;1175.948839;3.6;98.1;-1.9
AK_121;119022-48;1173.058068;9;102.2;2.2
AK_121;119022-98;1169.387067;4.2;101;1
AK_121;119022-49;1166.623448;6.8;101.8;1.8
AK_121;119022-86;1154.539846;6.9;102.9;2.9
AK_121;119022-74;1145.62392;6.7;101.7;1.7
AK_121;119022-54;1144.294106;5.6;100.8;0.8
AK_121;119022-76;1141.358169;5.2;106.5;6.5
AK_121;119022-82;1140.410201;5.6;102.2;2.2
AK_121;119022-106;1137.794733;3.4;100.5;0.5
AK_121;119022-91;1136.092714;5;99.5;-0.5
AK_121;119022-38;1135.790064;6;100.6;0.6
AK_121;119022-79;1135.171992;5.5;101.7;1.7
AK_121;119022-95;1133.753297;5.1;100;0
AK_121;119022-90;1133.244128;4.4;101.4;1.4
AK_121;119022-16;1127.350316;13.2;98.5;-1.5
AK_121;119022-5;1126.450804;5.7;102.4;2.4
AK_121;119022-27;1112.371822;13.8;100.8;0.8
AK_121;119022-50;1109.079078;5.9;98.3;-1.7
AK_121;119022-129;1107.042085;4.9;101.1;1.1
AK_121;119022-150;1089.272568;9.8;91.5;-8.5
AK_121;119022-77;1081.459381;7;103.5;3.5
AK_121;119022-135;1071.796538;7.3;101.9;1.9
AK_121;119022-39;1067.764391;7.5;102.6;2.6
AK_121;119022-51;1067.202057;6.7;101.9;1.9
AK_121;119022-85;1066.723307;7;100.8;0.8
AK_121;119022-46;1064.961001;7;96;-4
AK_121;119022-17;1064.828167;6.5;102;2
AK_121;119022-141;1064.212288;11;102.4;2.4
AK_121;119022-127;1061.127409;7.8;100.3;0.3
AK_121;119022-136;1060.572059;12.9;102.6;2.6
AK_121;119022-34;1053.476883;9.2;101.8;1.8
AK_121;119022-84;1051.895828;13.3;104.4;4.4
AK_121;119022-70;1049.374913;6;102.2;2.2
AK_121;119022-19;1049.339065;10;102.6;2.6
AK_121;119022-143;1047.149449;9.6;101.8;1.8
AK_121;119022-72;1041.34487;4.5;101.2;1.2
AK_121;119022-12;1041.335536;6.3;100.4;0.4
AK_121;119022-28;1041.056238;6.4;104.4;4.4
AK_121;119022-88;1040.719966;9.9;101.9;1.9
AK_121;119022-13;1040.21605;12.6;100.3;0.3
AK_121;119022-87;1039.117798;3.6;100.1;0.1
AK_121;119022-112;1038.13934;6.1;101.6;1.6
AK_121;119022-32;1034.946112;16.1;102.4;2.4
AK_121;119022-55;1034.241172;8.4;100.4;0.4
AK_121;119022-22;1028.58217;8.3;99.6;-0.4
AK_121;119022-24;1027.289736;10.5;102.3;2.3
AK_121;119022-96;1027.240408;5.6;100.3;0.3
AK_121;119022-146;1026.543187;17.7;102.4;2.4
AK_121;119022-124;1025.722467;8.1;103.1;3.1
AK_121;119022-56;1023.746266;5.8;107.1;7.1
AK_121;119022-113;1023.549018;5;104.6;4.6
AK_121;119022-114;1022.961855;6.4;101.6;1.6
AK_121;119022-37;1019.663562;8.7;102.4;2.4
AK_121;119022-7;1019.032141;18.7;106.7;6.7
AK_121;119022-149;1017.730793;12.4;99.6;-0.4
AK_121;119022-2;1016.42978;7.7;101;1
AK_121;119022-99;1016.251912;8.1;99.5;-0.5
AK_121;119022-21;1015.720796;5.9;101.8;1.8
AK_121;119022-142;1014.821312;5.9;102.3;2.3
AK_121;119022-132;1014.011862;5.8;102.9;2.9
AK_121;119022-63;1013.687551;6.7;101.2;1.2
AK_121;119022-78;1012.333363;5.4;100.7;0.7
AK_121;119022-52;1008.148715;8;102.6;2.6
AK_121;119022-57;1007.446516;7.1;101.8;1.8
AK_121;119022-93;1006.839522;10.8;101.9;1.9
AK_121;119022-71;1004.012408;14.9;104.4;4.4
AK_121;119022-119;1000.57239;7.4;104;4
AK_121;119022-9;999.8077688;10.5;103;3
AK_121;119022-138;992.3082224;14.3;107.2;7.2
AK_121;119022-3;985.6363262;6.1;100.1;0.1
AK_121;119022-105;982.6841769;4.3;101.3;1.3
AK_121;119022-128;979.5514305;4.1;100.2;0.2
AK_121;119022-97;974.0578035;10.2;100.8;0.8
AK_121;119022-67;973.7810859;4.1;100.4;0.4
AK_121;119022-4;965.6542534;14.7;102.7;2.7
AK_121;119022-137;958.4965714;7.4;102.5;2.5
AK_121;119022-118;954.5972264;19.6;102.5;2.5
AK_121;119022-25;950.8564631;6.8;102.5;2.5
AK_121;119022-144;947.7707607;11.1;103.8;3.8
AK_121;119022-126;944.8936311;12.1;92.1;-7.9
AK_121;119022-131;941.1619182;6.1;100.7;0.7
AK_121;119022-104;937.3856152;10.6;100.5;0.5
AK_121;119022-80;930.0737789;5.1;100.6;0.6
AK_121;119022-94;929.8621388;7.4;100.1;0.1
AK_121;119022-45;927.2811012;6.4;101;1
AK_121;119022-10;926.5916752;6;101;1
AK_121;119022-81;926.3810235;10.9;104.5;4.5
AK_121;119022-103;923.2157734;16.9;104.6;4.6
AK_121;119022-140;920.4053942;13.1;102.5;2.5
AK_121;119022-133;919.1813623;8;104.6;4.6
AK_121;119022-36;917.1455332;9.4;103.7;3.7
AK_121;119022-1;913.0830646;9.3;109.8;9.8
AK_121;119022-44;911.193001;6.6;103.4;3.4
AK_121;119022-108;695.3512462;4.6;106;6
AK_121;119022-73;655.0089288;4.8;101.1;1.1
AK_121;119022-42;583.4838156;4.3;105.1;5.1
AK_121;119022-125;586.7475939;4.7;106.4;6.4
AK_121;119022-15;536.104082;4.772858509;100.6706584;0.670658406
119037;119037-32;2845;36;101;1
119037;119037-13;2705;47.1;102.7;2.7
119037;119037-4;2656;54.5;102.6;2.6
119037;119037-35;1959;66.7;96.7;-3.3
119037;119037-36;1863;39.2;99.1;-0.9
119037;119037-23;1776;54.6;104;4
119037;119037-33;1690;55.3;106.6;6.6
119037;119037-10;1681;56.7;100.6;0.6
119037;119037-37;1668;38.4;101.6;1.6
119037;119037-2;1485;48.1;98.1;-1.9
119037;119037-6;1381;42.9;100.4;0.4
119037;119037-3;1378;40.7;98.4;-1.6
119037;119037-30;1320;40.8;104.6;4.6
119037;119037-1;1312;45.3;103.6;3.6
119037;119037-14;1281;46.1;103.6;3.6
119037;119037-34;1145;55.1;101.3;1.3
119037;119037-7;1092;66.4;101.1;1.1
119037;119037-40;1082;70.1;90.1;-9.9
119037;119037-29;1076;40;100.6;0.6
119037;119037-17;1060;56.9;101.2;1.2
119037;119037-15;1029;63;103.2;3.2
119037;119037-39;1024;60.9;102.7;2.7
119037;119037-38;1013;47;106;6
119037;119037-26;1006;49.5;103.7;3.7
119037;119037-25;999;52;105.6;5.6
119037;119037-31;983;57.4;107.3;7.3
119037;119037-11;980;60;105.8;5.8
119037;119037-5;934;53.6;100.9;0.9
119037;119037-9;929;60.9;107;7
119037;119037-22;926;17;103.6;3.6
119037;119037-41;919;87.9;96.1;-3.9
119037;119037-27;915;51.4;105.1;5.1
GM34;119028_41;2674;4;93;-7
GM34;119028_25;2650;2;95.3;-4.7
GM34;119028_57;2005;3;99;-1
GM34;119028_43;1901;3;101.4;1.4
GM34;119028_38;1845;3;98.3;-1.7
GM34;119028_64;1824;3;93.9;-6.1
GM34;119028_97;1821;2;97.2;-2.8
GM34;119028_96;1803;3;100.3;0.3
GM34;119028_51;1801;3;99;-1
GM34;119028_68;1794;3;98.1;-1.9
GM34;119028_77;1759;3;96.4;-3.6
GM34;119028_116;1726;3;96.7;-3.3
GM34;119028_65;1720;6;99.3;-0.7
GM34;119028_84;1711;4;92.7;-7.3
GM34;119028_46;1704;3;99;-1
GM34;119028_106;1703;3;96.6;-3.4
GM34;119028_71;1703;3;97.3;-2.7
GM34;119028_83;1700;3;93;-7
GM34;119028_50;1696;4;100.4;0.4
GM34;119028_72;1691;3;97.7;-2.3
GM34;119028_33;1682;3;98.4;-1.6
GM34;119028_28;1671;5;96.2;-3.8
GM34;119028_82;1653;6;93.2;-6.8
GM34;119028_69;1653;3;97.4;-2.6
GM34;119028_44;1652;6;93.7;-6.3
GM34;119028_109;1649;6;96.3;-3.7
GM34;119028_61;1632;3;91.9;-8.1
GM34;119028_94;1611;3;98.8;-1.2
GM34;119028_4;1608;3;101.2;1.2
GM34;119028_60;1604;4;94.1;-5.9
GM34;119028_103;1587;3;98.8;-1.2
GM34;119028_22;1526;2;97.6;-2.4
GM34;119028_115;1524;2;100.2;0.2
GM34;119028_118;1516;3;94.9;-5.1
GM34;119028_55;1510;4;99;-1
GM34;119028_113;1508;2;90;-10
GM34;119028_26;1506;4;96.3;-3.7
GM34;119028_19;1500;4;103;3
GM34;119028_91;1499;3;97.8;-2.2
GM34;119028_30;1498;4;98.7;-1.3
GM34;119028_36;1496;3;99.6;-0.4
GM34;119028_16;1489;3;100.7;0.7
GM34;119028_45;1476;4;99.2;-0.8
GM34;119028_70;1469;4;99.2;-0.8
GM34;119028_101;1466;4;99.6;-0.4
GM34;119028_12;1466;3;98.6;-1.4
GM34;119028_75;1465;5;98.7;-1.3
GM34;119028_87;1464;3;98.2;-1.8
GM34;119028_10;1457;6;100.9;0.9
GM34;119028_48;1435;4;98.1;-1.9
GM34;119028_5;1429;8;101.8;1.8
GM34;119028_99;1373;3;99.2;-0.8
GM34;119028_105;1367;4;96.8;-3.2
GM34;119028_100;1335;5;95.5;-4.5
GM34;119028_98;1331;4;98.8;-1.2
GM34;119028_81;1291;4;98.6;-1.4
GM34;119028_90;1276;7;103.2;3.2
GM34;119028_39;1253;5;100;0
GM34;119028_76;1217;6;93.8;-6.2
GM34;119028_89;1180;9;95.6;-4.4
GM34;119028_111;1175;4;100.4;0.4
GM34;119028_108;1166;5;95.4;-4.6
GM34;119028_32;1143;3;97.7;-2.3
GM34;119028_1;1135;4;100.4;0.4
GM34;119028_11;1134;3;100.5;0.5
GM34;119028_17;1130;4;101.1;1.1
GM34;119028_58;1100;5;99.9;-0.1
GM34;119028_53;1084;3;94.3;-5.7
GM34;119028_73;1082;4;101.1;1.1
GM34;119028_62;1078;3;99.9;-0.1
GM34;119028_86;1072;3;94.4;-5.6
GM34;119028_117;1070;5;98.1;-1.9
GM34;119028_13;1067;6;100.6;0.6
GM34;119028_2;1064;6;100.7;0.7
GM34;119028_23;1064;4;101.5;1.5
GM34;119028_59;1063;7;94.9;-5.1
GM34;119028_114;1061;6;104.6;4.6
GM34;119028_37;1060;8;100.6;0.6
GM34;119028_49;1059;6;99.5;-0.5
GM34;119028_107;1059;3;97;-3
GM34;119028_88;1057;5;98.5;-1.5
GM34;119028_24;1053;7;101;1
GM34;119028_93;1051;10;99.1;-0.9
GM34;119028_40;1050;5;97.6;-2.4
GM34;119028_8;1046;5;99.7;-0.3
GM34;119028_67;1045;3;96.5;-3.5
GM34;119028_3;1044;8;103.6;3.6
GM34;119028_119;1036;3;98.9;-1.1
GM34;119028_78;1034;4;100;0
GM34;119028_112;1031;4;99.1;-0.9
GM34;119028_74;1031;4;98.3;-1.7
GM34;119028_9;1027;4;101.2;1.2
GM34;119028_102;1024;4;98.7;-1.3
GM34;119028_31;1023;5;101.3;1.3
GM34;119028_80;1022;4;98.3;-1.7
GM34;119028_6;1018;4;105.1;5.1
GM34;119028_7;1018;3;100.5;0.5
GM34;119028_92;1016;3;98.7;-1.3
GM34;119028_27;1011;3;97.1;-2.9
GM34;119028_21;1010;4;106.7;6.7
GM34;119028_18;988;5;105.9;5.9
GM34;119028_14;987;6;104.3;4.3
GM34;119028_63;971;6;93.1;-6.9
GM34;119028_34;970;4;98;-2
GM34;119028_15;967;7;104.5;4.5
GM34;119028_95;963;6;98.1;-1.9
GM34;119028_120;956;7;97.6;-2.4
GM34;119028_47;955;5;99.4;-0.6
GM34;119028_42;948;6;100.6;0.6
GM34;119028_52;946;6;99.6;-0.4
GM34;119028_56;938;6;95.3;-4.7
GM34;119028_35;621;9;95;-5
DG27;119040-17;2812.7;2.7;101.2;1.2
DG27;119040-1;2727.2;2.2;90.1;-9.9
DG27;119040-19;2725.9;2.1;93.6;-6.4
DG27;119040-30;2721.3;2.9;97.3;-2.7
DG27;119040-141;2714.1;4.6;98.7;-1.3
DG27;119040-34;2697.3;7.3;101;1
DG27;119040-59;2515.4;6.8;97.7;-2.3
DG27;119040-7;1971.9;5.6;99.8;-0.2
DG27;119040-21;1939.1;2.9;98.8;-1.2
DG27;119040-24;1930.6;3;99.8;-0.2
DG27;119040-84;1888.4;7.6;97;-3
DG27;119040-67;1865.9;8.2;99.6;-0.4
DG27;119040-22;1842.9;3.7;97.5;-2.5
DG27;119040-39;1828.1;7.4;101.1;1.1
DG27;119040-99;1799.1;4.2;100.8;0.8
DG27;119040-114;1796.4;4.8;96.8;-3.2
DG27;119040-103;1791.6;4.1;100.8;0.8
DG27;119040-4;1787.6;6.4;101.3;1.3
DG27;119040-116;1781.4;7.7;100.1;0.1
DG27;119040-127;1738.1;6.5;99.1;-0.9
DG27;119040-96;1731.9;4.5;99.8;-0.2
DG27;119040-85;1731.5;7.4;97.8;-2.2
DG27;119040-83;1722.9;9.8;97.1;-2.9
DG27;119040-110;1716.6;7.2;100.3;0.3
DG27;119040-121;1706;5.2;99.9;-0.1
DG27;119040-44;1704.7;11.2;103.1;3.1
DG27;119040-130;1692.3;5.5;101;1
DG27;119040-42;1683.9;7.6;98.5;-1.5
DG27;119040-61;1677.8;8.8;98;-2
DG27;119040-91;1676;5.6;98.2;-1.8
DG27;119040-54;1670.2;7.7;98.9;-1.1
DG27;119040-115;1666.6;5.9;96.5;-3.5
DG27;119040-87;1650.5;10.1;97.1;-2.9
DG27;119040-128;1645.4;6.8;102.7;2.7
DG27;119040-140;1642.4;4.2;98.3;-1.7
DG27;119040-41;1641.5;7.2;100.6;0.6
DG27;119040-104;1637.9;5.9;100.1;0.1
DG27;119040-79;1624.9;9.9;96.5;-3.5
DG27;119040-122;1608.1;7.3;97.7;-2.3
DG27;119040-70;1599.8;7.9;96.6;-3.4
DG27;119040-29;1585.7;3.6;94.3;-5.7
DG27;119040-16;1517.6;3.9;100;0
DG27;119040-123;1516;5.1;99.5;-0.5
DG27;119040-32;1516;12.1;99.2;-0.8
DG27;119040-138;1502.5;5;98.4;-1.6
DG27;119040-111;1495.2;5.2;99.4;-0.6
DG27;119040-71;1495;8;98.6;-1.4
DG27;119040-14;1490.7;7.3;100.7;0.7
DG27;119040-90;1479.3;9.8;96.4;-3.6
DG27;119040-47;1450.6;8.9;101.2;1.2
DG27;119040-78;1449.4;9.5;96.3;-3.7
DG27;119040-136;1443;5.8;97.5;-2.5
DG27;119040-40;1441.5;8.2;99.3;-0.7
DG27;119040-12;1409.4;7.2;99.5;-0.5
DG27;119040-81;1384.9;9.1;96.8;-3.2
DG27;119040-131;1379.3;5.1;99.9;-0.1
DG27;119040-65;1371.7;9.2;99.2;-0.8
DG27;119040-94;1353.6;7.3;99.6;-0.4
DG27;119040-45;1338.4;8.4;98.4;-1.6
DG27;119040-86;1328.3;9.1;97.3;-2.7
DG27;119040-95;1322.5;4.6;99.4;-0.6
DG27;119040-37;1277.2;9.4;96.7;-3.3
DG27;119040-46;1264.8;21.6;102.3;2.3
DG27;119040-35;1248.4;9;99.6;-0.4
DG27;119040-147;1248.1;5.9;98.2;-1.8
DG27;119040-38;1213.4;9.2;97.9;-2.1
DG27;119040-106;1211.9;5.3;102.3;2.3
DG27;119040-133;1211.1;5.8;99.9;-0.1
DG27;119040-146;1207.6;12.4;103.6;3.6
DG27;119040-113;1201.3;6.6;98.7;-1.3
DG27;119040-60;1184.4;16;98.3;-1.7
DG27;119040-27;1181.1;5.3;100.4;0.4
DG27;119040-143;1172.3;6.2;98.2;-1.8
DG27;119040-63;1171.5;9.8;99.2;-0.8
DG27;119040-77;1171.1;12;98.2;-1.8
DG27;119040-55;1165.4;7.8;93.5;-6.5
DG27;119040-150;1163.6;6.5;97.8;-2.2
DG27;119040-2;1163.3;4.1;96.2;-3.8
DG27;119040-13;1157.8;5.4;93;-7
DG27;119040-6;1138.2;15.2;100.6;0.6
DG27;119040-33;1129.5;9.6;99.5;-0.5
DG27;119040-50;1124.2;9;98.8;-1.2
DG27;119040-58;1116.9;9.4;93;-7
DG27;119040-149;1100.5;7.3;100.3;0.3
DG27;119040-76;1099.5;19.4;92.8;-7.2
DG27;119040-18;1093.3;8.9;102.5;2.5
DG27;119040-57;1091.3;10.4;97.3;-2.7
DG27;119040-145;1074.1;7.4;98.1;-1.9
DG27;119040-139;1067.9;10.5;97.7;-2.3
DG27;119040-118;1064.3;17.7;102.2;2.2
DG27;119040-66;1051.1;14.5;101.1;1.1
DG27;119040-148;1047.4;8.6;96.6;-3.4
DG27;119040-102;1044.1;9;105;5
DG27;119040-56;1043.1;12.2;100.7;0.7
DG27;119040-20;1033.9;4.5;99;-1
DG27;119040-48;1031.7;9.3;96.5;-3.5
DG27;119040-80;1024.3;19.4;99.5;-0.5
DG27;119040-142;1014.3;8.1;99.5;-0.5
DG27;119040-117;1004.9;14.3;104.5;4.5
DG27;119040-74;1003.7;10.2;98;-2
DG27;119040-97;1002.2;12.8;101.3;1.3
DG27;119040-28;982.4;4.1;97;-3
DG27;119040-36;976.3;11.8;98.4;-1.6
DG27;119040-82;970.7;11;99;-1
DG27;119040-31;965.2;10.9;99.4;-0.6
DG27;119040-135;965;9.3;97.2;-2.8
DG27;119040-43;962.3;8.9;99.4;-0.6
DG27;119040-53;960.7;15.5;99.8;-0.2
DG27;119040-109;959.9;7.4;101.4;1.4
DG27;119040-98;958.6;5.8;101;1
DG27;119040-107;957.2;7.9;99.3;-0.7
DG27;119040-9;956.1;6.8;106;6
DG27;119040-108;950;6.3;96.5;-3.5
DG27;119040-51;947.5;9.4;98.5;-1.5
DG27;119040-92;934.8;7.2;98.7;-1.3
DG27;119040-124;934.2;9.1;101.1;1.1
DG27;119040-8;933.8;6.4;101.2;1.2
DG27;119040-125;749.3;3.9;90.2;-9.8
DG27;119040-69;638.7;2.8;101.5;1.5
DG27;119040-5;609;4.2;99.6;-0.4
DG27;119040-126;600.9;4.6;95.2;-4.8
DG27;119040-132;598;2.5;97.1;-2.9
DG27;119040-93;585.4;3;108.4;8.4
DG27;119040-49;583.3;2.6;99.5;-0.5
DG27;119040-112;579.4;5.2;100;0
DG27;119040-3;578.8;4;98.1;-1.9
DG27;119040-75;572.1;2.6;100.8;0.8
DG27;119040-10;571.9;4.4;104.9;4.9
DG27;119040-105;570.4;2.8;101.2;1.2
DG27;119040-62;568.3;2;99.5;-0.5
DG27;119040-144;566.5;2.6;99.1;-0.9
DG27;119040-134;566;2.4;101.7;1.7
DG27;119040-26;557.9;4.4;96.5;-3.5
DG27;119040-23;557.4;4.5;101.6;1.6
DG27;119040-89;556.9;3;98;-2
DG27;119040-101;555.9;3.3;101.4;1.4
DG27;119040-68;554.4;2.6;96.1;-3.9
DG27;119040-100;553.6;2.5;103.9;3.9
DG27;119040-73;552.9;2.4;98.4;-1.6
DG27;119040-52;551.5;1.9;98.4;-1.6
DG27;119040-119;545.9;3.2;94.9;-5.1
DG27;119040-120;541.4;2.9;97.7;-2.3
DG27;119040-72;538.6;2.5;92.2;-7.8
DG27;119040-64;524.2;2.2;92.8;-7.2
DG27;119040-88;507.9;2.2;103.4;3.4
DGA14_MN_121;DGA14_MN_121_047;2735;17;95;-5
DGA14_MN_121;DGA14_MN_121_066;2710;17;98;-2
DGA14_MN_121;DGA14_MN_121_040;1826;26;94;-6
DGA14_MN_121;DGA14_MN_121_085;1809;19;97;-3
DGA14_MN_121;DGA14_MN_121_044;1801;19;97;-3
DGA14_MN_121;DGA14_MN_121_006;1799;19;99;-1
DGA14_MN_121;DGA14_MN_121_088;1689;20;94;-6
DGA14_MN_121;DGA14_MN_121_091;1663;20;93;-7
DGA14_MN_121;DGA14_MN_121_048;1658;20;96;-4
DGA14_MN_121;DGA14_MN_121_045;1636;19;101;1
DGA14_MN_121;DGA14_MN_121_041;1617;19;97;-3
DGA14_MN_121;DGA14_MN_121_038;1601;20;101;1
DGA14_MN_121;DGA14_MN_121_007;1567;19;98;-2
DGA14_MN_121;DGA14_MN_121_073;1564;19;94;-6
DGA14_MN_121;DGA14_MN_121_012;1514;25;98;-2
DGA14_MN_121;DGA14_MN_121_090;1490;20;98;-2
DGA14_MN_121;DGA14_MN_121_074;1478;20;94;-6
DGA14_MN_121;DGA14_MN_121_063;1465;20;100;0
DGA14_MN_121;DGA14_MN_121_050;1452;21;101;1
DGA14_MN_121;DGA14_MN_121_035;1450;20;102;2
DGA14_MN_121;DGA14_MN_121_057;1450;20;101;1
DGA14_MN_121;DGA14_MN_121_076;1437;20;94;-6
DGA14_MN_121;DGA14_MN_121_075;1421;23;94;-6
DGA14_MN_121;DGA14_MN_121_078;1413;20;96;-4
DGA14_MN_121;DGA14_MN_121_052;1392;22;99;-1
DGA14_MN_121;DGA14_MN_121_067;1369;23;93;-7
DGA14_MN_121;DGA14_MN_121_070;1361;21;93;-7
DGA14_MN_121;DGA14_MN_121_028;1360;21;99;-1
DGA14_MN_121;DGA14_MN_121_053;1346;21;98;-2
DGA14_MN_121;DGA14_MN_121_030;1343;21;97;-3
DGA14_MN_121;DGA14_MN_121_084;1341;22;100;0
DGA14_MN_121;DGA14_MN_121_077;1333;22;95;-5
DGA14_MN_121;DGA14_MN_121_042;1314;21;102;2
DGA14_MN_121;DGA14_MN_121_039;1249;21;106;6
DGA14_MN_121;DGA14_MN_121_046;1229;21;98;-2
DGA14_MN_121;DGA14_MN_121_087;1186;23;94;-6
DGA14_MN_121;DGA14_MN_121_082;1179;30;96;-4
DGA14_MN_121;DGA14_MN_121_062;1175;21;93;-7
DGA14_MN_121;DGA14_MN_121_009;1173;22;100;0
DGA14_MN_121;DGA14_MN_121_013;1168;29;100;0
DGA14_MN_121;DGA14_MN_121_024;1163;23;100;0
DGA14_MN_121;DGA14_MN_121_089;1156;25;96;-4
DGA14_MN_121;DGA14_MN_121_043;1138;23;102;2
DGA14_MN_121;DGA14_MN_121_021;1136;22;99;-1
DGA14_MN_121;DGA14_MN_121_015;1132;31;99;-1
DGA14_MN_121;DGA14_MN_121_058;1131;21;97;-3
DGA14_MN_121;DGA14_MN_121_018;1120;24;103;3
DGA14_MN_121;DGA14_MN_121_051;1114;24;97;-3
DGA14_MN_121;DGA14_MN_121_023;1111;27;95;-5
DGA14_MN_121;DGA14_MN_121_025;1109;26;94;-6
DGA14_MN_121;DGA14_MN_121_068;1107;24;99;-1
DGA14_MN_121;DGA14_MN_121_003;1103;31;101;1
DGA14_MN_121;DGA14_MN_121_055;1098;28;92;-8
DGA14_MN_121;DGA14_MN_121_026;1090;23;98;-2
DGA14_MN_121;DGA14_MN_121_037;1080;32;97;-3
DGA14_MN_121;DGA14_MN_121_016;1080;24;94;-6
DGA14_MN_121;DGA14_MN_121_071;1077;33;93;-7
DGA14_MN_121;DGA14_MN_121_022;1068;30;101;1
DGA14_MN_121;DGA14_MN_121_008;1068;25;101;1
DGA14_MN_121;DGA14_MN_121_027;1065;28;93;-7
DGA14_MN_121;DGA14_MN_121_060;1061;24;97;-3
DGA14_MN_121;DGA14_MN_121_020;1060;27;100;0
DGA14_MN_121;DGA14_MN_121_036;1059;26;93;-7
DGA14_MN_121;DGA14_MN_121_080;1058;25;100;0
DGA14_MN_121;DGA14_MN_121_069;1055;24;98;-2
DGA14_MN_121;DGA14_MN_121_056;1052;24;99;-1
DGA14_MN_121;DGA14_MN_121_086;1045;24;98;-2
DGA14_MN_121;DGA14_MN_121_001;1045;30;101;1
DGA14_MN_121;DGA14_MN_121_002;1045;27;97;-3
DGA14_MN_121;DGA14_MN_121_010;1042;27;101;1
DGA14_MN_121;DGA14_MN_121_029;1033;22;98;-2
DGA14_MN_121;DGA14_MN_121_004;1029;27;99;-1
DGA14_MN_121;DGA14_MN_121_064;1028;29;92;-8
DGA14_MN_121;DGA14_MN_121_011;1026;24;103;3
DGA14_MN_121;DGA14_MN_121_005;1026;26;101;1
DGA14_MN_121;DGA14_MN_121_014;1026;25;105;5
DGA14_MN_121;DGA14_MN_121_065;1022;24;92;-8
DGA14_MN_121;DGA14_MN_121_032;1008;30;101;1
DGA14_MN_121;DGA14_MN_121_034;1007;23;102;2
DGA14_MN_121;DGA14_MN_121_072;977;27;100;0
DGA14_MN_121;DGA14_MN_121_059;972;23;98;-2
DGA14_MN_121;DGA14_MN_121_061;963;25;100;0
DGA14_MN_121;DGA14_MN_121_083;954;22;96;-4
DGA14_MN_121;DGA14_MN_121_017;936;33;100;0
DGA14_MN_121;DGA14_MN_121_031;909;29;103;3
DGA14_MN_121;DGA14_MN_121_019;667;6.2;100;0
DGA14_MN_121;DGA14_MN_121_033;640;6.1;100;0
DGA14_MN_121;DGA14_MN_121_081;598;5.8;90;-10
DGA14_MN_121;DGA14_MN_121_079;557;5.5;91;-9
DGA14_MN_121;DGA14_MN_121_049;544;5.2;90;-10
AK001;197878-133;2818.9;2.2;99.7;-0.3
AK001;197878-99;2777.8;1.9;95.9;-4.1
AK001;197878-62;2686.9;6.1;101;1
AK001;197878-48;2419.3;4.4;104.5;4.5
AK001;197878-16;2084;8.1;103.3;3.3
AK001;197878-102;2008.8;3.5;99.9;-0.1
AK001;197878-35;1797.3;5.4;100.2;0.2
AK001;197878-119;1789.8;5.5;100.4;0.4
AK001;197878-145;1784.2;10.5;101.7;1.7
AK001;197878-5;1759.4;3.1;97.5;-2.5
AK001;197878-9;1757.4;4.5;99.5;-0.5
AK001;197878-72;1754.6;12;102.6;2.6
AK001;197878-149;1746.1;4.5;96.5;-3.5
AK001;197878-129;1732;3.8;95.2;-4.8
AK001;197878-68;1710.6;5;100.6;0.6
AK001;197878-113;1709.7;4.1;101;1
AK001;197878-93;1708.1;3.5;99.7;-0.3
AK001;197878-28;1707.8;2.5;93.7;-6.3
AK001;197878-12;1700.8;5.6;98.3;-1.7
AK001;197878-86;1697.9;2.8;100.5;0.5
AK001;197878-47;1695.8;8.3;101.8;1.8
AK001;197878-150;1695.7;2.8;97.2;-2.8
AK001;197878-17;1693.9;4.8;99.9;-0.1
AK001;197878-63;1686.3;5.2;99.6;-0.4
AK001;197878-8;1681.8;3.5;98;-2
AK001;197878-96;1681.4;4.4;101.8;1.8
AK001;197878-2;1677.8;5.8;99.4;-0.6
AK001;197878-20;1677.6;3.3;99;-1
AK001;197878-51;1675.5;3.2;97;-3
AK001;197878-82;1673.6;3.6;97.1;-2.9
AK001;197878-64;1667.1;6.5;99.9;-0.1
AK001;197878-95;1665.1;6.9;101.6;1.6
AK001;197878-134;1658;4.9;100.5;0.5
AK001;197878-61;1654;4.6;100.8;0.8
AK001;197878-3;1653.8;7.1;101.5;1.5
AK001;197878-49;1653.2;5.7;98.7;-1.3
AK001;197878-10;1652.1;3.8;96.3;-3.7
AK001;197878-117;1644.7;3.3;100.7;0.7
AK001;197878-57;1644.4;8.2;103.1;3.1
AK001;197878-83;1639.3;5.6;101.1;1.1
AK001;197878-112;1633.6;5.6;101.8;1.8
AK001;197878-74;1629.5;6.2;100.4;0.4
AK001;197878-37;1621.9;3.4;100.6;0.6
AK001;197878-91;1620.7;4.8;96.3;-3.7
AK001;197878-116;1613;5.1;99.1;-0.9
AK001;197878-21;1609.3;5.8;100.1;0.1
AK001;197878-73;1602.7;6;103.3;3.3
AK001;197878-4;1602.5;5.2;98.3;-1.7
AK001;197878-38;1597.3;3.6;99.6;-0.4
AK001;197878-130;1595.6;5;107;7
AK001;197878-76;1592.2;4.2;100.7;0.7
AK001;197878-77;1592;7;102.3;2.3
AK001;197878-125;1586.2;6.9;100.4;0.4
AK001;197878-22;1574.1;3.1;97.5;-2.5
AK001;197878-45;1574.1;13;99.7;-0.3
AK001;197878-15;1562.6;4.4;98.4;-1.6
AK001;197878-24;1558.5;3;99;-1
AK001;197878-29;1556.5;7.4;99.7;-0.3
AK001;197878-87;1555.2;3.8;101.5;1.5
AK001;197878-44;1553.5;5;102.8;2.8
AK001;197878-70;1545.7;4.5;95.6;-4.4
AK001;197878-50;1544.5;5.1;100.4;0.4
AK001;197878-25;1544.2;5;95.2;-4.8
AK001;197878-138;1540.7;4.6;100.5;0.5
AK001;197878-75;1540.7;11.9;102.1;2.1
AK001;197878-139;1537.2;6.7;96.1;-3.9
AK001;197878-137;1518.8;7.7;100.9;0.9
AK001;197878-54;1484.7;2.9;100.2;0.2
AK001;197878-147;1456.2;4.9;101.5;1.5
AK001;197878-109;1455.4;3.9;101.3;1.3
AK001;197878-107;1450.9;4.2;100.8;0.8
AK001;197878-114;1449.4;5.5;99.4;-0.6
AK001;197878-53;1448.1;8.6;100.9;0.9
AK001;197878-79;1445.5;6.4;100.2;0.2
AK001;197878-55;1444.4;4.6;102.5;2.5
AK001;197878-80;1440.1;13.3;108.9;8.9
AK001;197878-135;1422.6;3.8;99.8;-0.2
AK001;197878-32;1422.1;7.1;93.4;-6.6
AK001;197878-36;1415.1;5.6;102.7;2.7
AK001;197878-43;1390.1;2.9;96.8;-3.2
AK001;197878-1;1384.7;5.9;95.5;-4.5
AK001;197878-148;1345.7;8.2;99;-1
AK001;197878-124;1332.4;4.5;100.7;0.7
AK001;197878-34;1313.5;4.3;98.1;-1.9
AK001;197878-40;1312.7;8.3;101.9;1.9
AK001;197878-115;1311.2;7.1;101.5;1.5
AK001;197878-39;1309.6;2.8;95.9;-4.1
AK001;197878-52;1303.5;12.9;100.4;0.4
AK001;197878-60;1300.4;7.9;96.5;-3.5
AK001;197878-98;1296.6;5.4;101.5;1.5
AK001;197878-103;1295;5.3;98.3;-1.7
AK001;197878-121;1294.2;7;100.1;0.1
AK001;197878-23;1290.2;7.1;99.4;-0.6
AK001;197878-65;1268.6;15.8;98.9;-1.1
AK001;197878-92;1259.9;11.3;101;1
AK001;197878-110;1249.7;9.9;101.1;1.1
AK001;197878-18;1243.8;7;98;-2
AK001;197878-6;1243.3;4.6;98.8;-1.2
AK001;197878-67;1234;10;99.5;-0.5
AK001;197878-59;1218.5;5.5;98.8;-1.2
AK001;197878-78;1204.5;7.5;103.2;3.2
AK001;197878-143;1203.2;5.7;99.1;-0.9
AK001;197878-58;1189.4;7.7;100.4;0.4
AK001;197878-127;1187.5;3.4;99.1;-0.9
AK001;197878-104;1176.1;5.2;100.3;0.3
AK001;197878-97;1153.9;6.8;101.9;1.9
AK001;197878-33;1153.1;3.2;98;-2
AK001;197878-31;1144;6.5;99.9;-0.1
AK001;197878-27;1137.8;5;98.9;-1.1
AK001;197878-105;1132.1;7.7;101.7;1.7
AK001;197878-66;1128.7;6.6;99.8;-0.2
AK001;197878-88;1116;7.1;102.3;2.3
AK001;197878-146;1101.5;6.6;102.7;2.7
AK001;197878-19;1090.5;5.1;98.5;-1.5
AK001;197878-108;1074.6;13.9;100.3;0.3
AK001;197878-84;1066.1;11.9;101.2;1.2
AK001;197878-69;1059.9;3.5;95.3;-4.7
AK001;197878-46;1057.4;9.1;101.1;1.1
AK001;197878-122;1046.7;4.5;98.3;-1.7
AK001;197878-41;1039.6;5.7;100.2;0.2
AK001;197878-42;1033.8;9.4;103.1;3.1
AK001;197878-56;1028.6;8.2;103.9;3.9
AK001;197878-13;1024.5;6.4;98;-2
AK001;197878-100;1023;3.7;97;-3
AK001;197878-14;1021.9;6.1;97.6;-2.4
AK001;197878-94;1013.7;7;101.2;1.2
AK001;197878-71;1011;7.6;100.6;0.6
AK001;197878-144;1001.3;9;103.9;3.9
AK001;197878-120;986.7;10.1;100.3;0.3
AK001;197878-118;981.6;8.1;100.4;0.4
AK001;197878-89;971.3;6.7;100.3;0.3
AK001;197878-131;959.5;14.4;94.8;-5.2
AK001;197878-90;950.7;11.6;99.4;-0.6
AK001;197878-123;944.7;9.2;102.5;2.5
AK001;197878-136;935.5;11.8;103.1;3.1
AK001;197878-106;926.8;9.5;104.9;4.9
AK001;197878-7;921.7;6.3;100;0
AK001;197878-101;572;6.4;101.8;1.8
AK001;197878-132;552.5;4.2;100.8;0.8
AK001;197878-111;540.9;5;98.6;-1.4
AK001;197878-141;502;3.8;102;2
AK001;197878-30;500.9;4.7;101.3;1.3
